Id,Email,Phone
2,bethany14@example.com,214.112.6044x4913
3,bthompson@example.com,277.609.7938
4,kaitlinkaiser@example.com,584.094.6111
7,conniecowan@example.com,+1-773-151-6685x49162
8,wyattbishop@example.com,001-447-699-7998x88612
11,huangcathy@example.com,895.881.4746
14,mercedes44@example.com,(216)627-8359
17,sheenabanks@example.com,(246)187-4969
20,jcortez@example.com,+1-958-849-6781
25,cassandramorris@example.com,(468)276-9509x53058
30,mconrad@example.com,223.002.0429
40,vickihouston@example.com,(830)774-9002x086
45,lhernandez@example.com,(975)799-4261
54,roberto29@example.com,(655)887-2040x37888
58,amyanderson@example.com,497-774-3053
63,hutchinsonkirk@example.com,001-740-937-0846x0087
67,imccullough@example.com,116-729-5046
70,ubanks@example.com,+1-096-606-6454x067
73,kristina76@example.com,(954)060-1066
74,weissbridget@example.com,+1-521-589-2387x48490
78,vpaul@example.com,(742)214-8691
86,oblake@example.com,160-144-5039x12276
90,teresa37@example.com,(164)105-8456
