Id,Name,Gender,Age,Email,Phone
1,Shelby Terrell,Male,78,elijah57@example.net,001-084-906-7849x73518
3,Kristine Travis,Male,32,bthompson@example.com,277.609.7938
4,Yesenia Martinez,Male,7,kaitlinkaiser@example.com,584.094.6111
5,Lori Todd,Male,85,buchananmanuel@example.net,689-207-3558x7233
6,Erin Day,Male,8,tconner@example.org,001-171-649-9856x5553
8,Ricardo Hinton,Male,100,wyattbishop@example.com,001-447-699-7998x88612
9,Dave Farrell,Male,5,nmccann@example.net,603-428-2429x27392
12,Stacy Newton,Male,43,rayleroy@example.org,710.673.3213x80335
15,Crystal Farmer,Male,32,pmiranda@example.org,+1-024-377-5391
17,Maurice Rangel,Male,20,sheenabanks@example.com,(246)187-4969
18,Frank Meadows,Male,15,gbrewer@example.org,429.965.3902x4447
23,Randy Barnes,Male,76,huangbill@example.org,001-960-629-7164x67214
27,Louis Payne,Male,108,bsullivan@example.net,6232695307
29,Judy Buckley,Male,61,irosales@example.net,001-654-208-1241x52830
30,Norman Weber,Male,67,mconrad@example.com,223.002.0429
32,Jacqueline Gallagher,Male,25,nsampson@example.net,(247)762-8934
36,Melody Cook,Male,61,jeannovak@example.org,(826)792-7381
45,Darren Andrews,Male,26,lhernandez@example.com,(975)799-4261
48,Becky Brady,Male,67,erikmueller@example.org,(390)002-0863
49,Caitlyn Frey,Male,56,rivasdominique@example.org,805-021-3965x46344
60,Grace Phelps,Male,114,clarkeangela@example.net,(034)867-8827x6777
61,Shari Daugherty,Male,79,kalvarado@example.org,001-951-655-4798x6124
62,Kelli Garner,Male,14,jodyvincent@example.org,995.000.4213x0982
63,Jackie Bennett,Male,108,hutchinsonkirk@example.com,001-740-937-0846x0087
69,Frank Pineda,Male,98,daltoncalvin@example.net,(035)961-5060x9182
70,Sandra Wu,Male,99,ubanks@example.com,+1-096-606-6454x067
71,Ryan Benton,Male,3,lopezdebbie@example.org,+1-695-557-9948x485
72,Tamara Hull,Male,91,meagan39@example.net,017.665.3744x7944
76,Tina Cunningham,Male,67,wongmary@example.org,079-907-5051
79,Regina Stevens,Male,12,xpoole@example.net,891-359-2684
80,Terrence Huff,Male,80,cassandra80@example.org,221.800.6408x5416
82,Andrew Waters,Male,76,nhall@example.net,+1-376-865-2765x3351
83,Reginald Stephenson,Male,14,erikaball@example.net,+1-832-500-6044x475
86,Mario Vaughn,Male,34,oblake@example.com,160-144-5039x12276
88,Dustin Bailey,Male,115,pbarron@example.net,+1-965-621-1157x345
94,Xavier Cole,Male,85,nicolas90@example.org,8164259975
98,Wesley Bray,Male,29,regina11@example.org,995-542-3004x76800
100,Mariah Bernard,Male,7,pcopeland@example.org,(341)594-6554x44657
